battery_power,blue,clock_speed,dual_sim,fc,four_g,int_memory,m_dep,mobile_wt,n_cores,pc,px_height,px_width,ram,sc_h,sc_w,talk_time,wifi,price_range
1021,1,0.5,1,0,1,53,0.7,136,3,6,905,1988,2631,17,3,7,0,2
563,1,0.5,1,2,1,41,0.9,145,5,6,1263,1716,2603,11,2,9,0,2
1821,1,1.2,0,13,1,44,0.6,141,2,14,1208,1212,1411,8,2,15,0,1
1954,0,0.5,1,0,0,24,0.8,187,4,0,512,1149,700,16,3,5,1,0
1520,1,2.2,0,5,1,33,0.5,177,8,18,151,1005,3826,14,9,13,1,3
775,0,1,0,3,0,46,0.7,159,2,16,862,1864,568,17,15,11,1,0
595,0,0.9,1,7,1,23,0.1,121,3,17,441,810,3752,10,2,18,0,3
1131,1,0.5,1,11,0,49,0.6,101,5,18,658,878,1835,19,13,16,0,1
772,0,1.1,1,12,0,39,0.8,81,7,14,1314,1854,2819,17,15,3,0,3
961,1,1.4,1,0,1,57,0.6,114,8,3,291,1434,2782,18,9,7,1,2
956,0,0.5,0,1,1,41,1,143,7,6,511,1075,3286,17,8,12,0,3
1453,0,1.6,1,12,1,52,0.3,96,2,18,187,1311,2373,10,1,10,1,2
1568,1,0.5,0,16,0,33,1,150,8,20,413,654,508,5,1,6,1,0
1319,1,0.9,0,3,1,41,0.9,107,1,18,85,1152,2227,18,5,3,1,1
1310,1,2.2,1,0,1,51,0.6,100,4,0,178,1919,3845,7,0,12,0,3
1725,1,1.6,1,6,1,6,0.5,119,2,18,609,1307,3429,6,5,4,0,3
560,0,0.5,1,15,0,50,0.3,159,2,20,1448,1613,2150,18,12,11,0,2
1646,1,2.3,0,8,1,41,0.2,185,2,10,1725,1932,3339,18,10,19,0,3
1253,1,0.5,1,5,1,5,0.2,152,2,19,685,714,1878,15,0,4,0,1
1656,0,1,0,5,1,34,0.1,166,3,7,880,1456,1629,15,12,14,0,1
1195,1,2.8,0,1,1,20,0.8,110,2,14,1580,1652,504,9,3,12,0,0
1654,1,1.5,1,0,1,43,0.3,109,2,0,546,629,3112,12,5,10,0,3
823,1,2.7,1,13,0,60,0.5,148,8,19,822,1449,905,14,11,17,1,0
1063,0,1.4,1,2,1,48,1,128,5,4,127,683,2910,15,13,9,1,2
1484,0,3,0,3,0,12,0.6,134,3,5,916,969,1457,14,4,20,0,1
799,1,2.3,0,1,1,63,0.8,144,8,6,361,975,431,15,6,6,1,0
1156,1,1.2,1,0,1,50,0.8,159,2,0,322,547,470,7,0,15,0,0
1720,0,2,0,15,1,55,0.5,168,2,18,753,1353,2148,14,2,5,1,2
616,0,1.9,1,13,1,44,0.8,81,3,17,651,1618,3366,18,8,13,0,3
1358,1,0.5,0,11,1,36,0.3,155,4,14,1565,1858,3068,9,4,4,0,3
1166,0,1.5,1,0,1,43,0.8,80,4,1,205,603,3993,7,1,7,0,3
1448,1,0.5,1,6,1,45,0.8,138,7,11,570,1724,3378,13,11,2,1,3
1038,0,1.2,0,3,0,43,0.7,141,1,5,4,638,3709,11,0,12,1,3
1114,0,2.8,0,4,1,9,0.4,197,3,15,1040,1071,907,10,7,17,0,0
1589,1,0.6,1,0,1,58,0.9,85,7,7,319,1206,3464,19,10,6,1,3
999,0,2.9,1,11,1,64,0.2,199,4,19,1397,1616,2593,14,11,16,0,2
1127,1,2.9,1,5,1,57,0.8,163,1,13,928,1049,2048,11,5,17,1,1
668,0,0.5,1,0,0,3,0.1,155,5,13,666,1203,2746,9,5,8,1,2
1724,0,2,1,2,1,57,0.5,177,3,5,1605,1924,2822,19,3,16,0,3
1977,1,2,1,7,1,54,1,171,7,18,1226,1242,1971,18,7,14,0,2
885,0,2.3,1,0,1,15,0.4,103,7,0,769,802,1410,16,10,5,1,0
1137,1,1,0,18,0,7,1,196,3,19,942,1179,3616,13,5,12,1,3
1355,0,2.3,0,10,1,23,0.2,132,5,16,651,891,880,19,4,8,0,0
1939,1,2.8,1,0,1,55,0.6,199,4,10,320,520,1047,14,10,18,0,0
553,0,2.4,1,1,1,8,0.5,121,7,3,325,902,1204,11,4,8,1,0
1135,1,2,1,0,0,46,0.3,83,1,4,293,1846,3029,19,17,9,1,3
1775,1,1.5,0,3,0,41,0.1,163,1,7,1633,1869,2343,19,13,14,1,3
783,0,1.8,1,0,1,43,1,106,3,4,1198,1471,2016,16,4,18,0,1
867,0,1.4,1,0,1,4,0.7,135,6,1,70,1974,790,13,6,3,0,0
1310,1,1.1,1,13,0,7,1,194,5,14,117,513,3182,8,4,5,0,2
1900,1,2.3,0,1,1,18,0.2,89,7,9,1055,1661,2871,12,1,13,1,3
1084,1,2.6,0,3,1,40,0.9,107,3,11,322,771,1945,15,4,10,0,1
772,1,2.4,1,1,1,10,0.5,80,4,2,1242,1712,3242,18,11,4,0,3
1379,0,1.1,0,5,1,36,0.8,200,2,7,538,1376,3426,5,4,17,1,3
1564,0,2.3,0,4,1,25,0.5,189,6,17,1259,1965,1496,6,4,7,1,1
1571,0,1.4,0,0,1,19,0.1,100,6,1,713,1398,666,12,10,13,0,0
1790,0,2.5,1,9,0,2,0.1,184,1,14,622,792,1366,7,0,20,1,1
645,0,0.5,0,1,0,41,1,197,7,10,327,580,2962,12,9,4,1,2
668,0,2.9,1,7,0,30,0.2,195,8,12,522,1056,2399,10,5,7,1,1
866,0,0.5,1,5,1,46,0.5,179,8,7,692,1686,3825,12,11,2,1,3
536,0,2.4,1,12,1,3,0.3,182,7,14,1386,1539,284,12,9,4,0,0
1537,1,2.5,0,4,1,43,0.3,137,1,5,839,1131,3685,18,17,17,1,3
1678,0,2.1,0,3,1,64,0.9,134,3,11,436,536,278,19,0,10,0,0
843,1,0.5,0,1,1,56,0.1,147,5,17,140,800,2341,10,1,20,1,1
1485,0,1,0,2,1,32,0.7,84,2,9,510,1013,2147,19,1,11,0,2
1692,0,2.3,1,4,1,46,0.9,139,1,6,674,1925,1394,16,10,6,0,1
1224,0,0.5,0,16,1,6,0.4,109,6,18,747,826,506,10,0,11,1,0
1481,1,0.7,1,4,1,37,0.6,96,5,13,116,1533,2945,10,5,16,1,2
961,1,1.5,1,10,0,51,0.3,152,6,16,554,621,2981,15,6,7,1,2
1296,0,0.9,1,0,1,14,0.5,124,5,3,811,1272,490,7,1,4,1,0
1126,1,2.4,0,2,1,10,0.4,160,6,3,1223,1611,2050,7,6,12,1,2
1270,1,0.6,1,2,1,32,0.5,101,7,6,299,845,3770,5,3,13,0,3
1854,0,3,0,2,1,8,0.1,101,5,5,506,627,1886,17,4,20,0,1
625,1,1.2,1,5,1,10,0.2,183,4,8,635,842,3323,9,1,7,1,2
946,0,1.7,1,8,1,25,0.8,143,6,15,650,1740,2177,7,5,13,1,2
1502,1,1.2,0,0,0,54,0.2,138,5,12,65,588,3693,17,14,16,0,3
1380,1,2.1,1,1,1,4,0.8,92,3,13,420,500,797,13,2,15,0,0
1934,1,2.6,1,0,1,46,0.1,103,1,17,619,1299,2940,13,9,2,1,3
1905,1,0.5,0,3,1,6,0.5,151,1,5,849,898,1545,9,5,10,0,1
1831,0,1.4,1,2,0,43,0.9,150,5,5,611,1381,3834,17,7,13,1,3
596,0,1.4,0,8,0,46,0.6,165,1,18,953,984,2505,15,4,15,0,1
1490,1,0.5,1,4,1,64,0.3,150,8,8,1417,1464,3600,17,9,7,1,3
1523,1,2.4,0,5,1,57,0.2,117,2,6,247,539,3971,18,12,10,1,3
640,0,0.6,0,0,0,20,0.1,163,4,15,710,1179,2844,7,5,18,0,2
1526,0,2.1,0,1,1,23,0.2,117,7,8,718,751,2227,18,10,3,0,2
1989,0,2.5,1,0,1,41,0.8,94,3,13,1100,1497,1665,17,9,12,1,2
609,0,0.5,0,3,0,26,0.3,93,4,4,938,1948,1866,11,10,14,1,1
1445,1,2.4,1,7,1,20,0.4,173,7,15,1273,1345,1441,7,4,13,1,1
664,1,1.1,1,1,1,51,0.1,110,7,4,701,1478,3629,19,15,6,1,3
1277,1,0.5,1,0,1,35,0.4,142,6,6,309,1460,3559,18,17,6,0,3
1827,0,1.7,0,4,1,39,0.5,128,5,16,55,1020,2844,14,9,10,0,2
903,0,1,1,0,1,50,0.4,91,1,0,1230,1235,711,9,5,10,0,0
1987,1,0.5,0,3,1,53,1,181,3,7,1052,1516,3117,18,5,8,1,3
1336,0,0.9,0,5,1,17,0.2,194,5,9,55,583,1869,13,1,16,1,1
660,0,0.5,0,5,1,40,0.5,111,2,10,262,1178,588,6,5,18,1,0
1634,1,1.4,0,1,1,17,0.2,200,2,5,964,1677,3031,11,6,6,1,3
1708,1,2.4,1,18,1,49,0.1,109,1,19,233,517,3388,6,4,16,1,3
1442,0,1,1,0,0,27,0.1,192,3,19,231,687,2227,6,5,20,0,1
528,0,1.7,0,12,1,6,0.8,142,2,15,574,637,3256,9,8,6,0,2
1523,1,1.8,0,6,1,11,0.1,129,1,8,148,1606,707,19,8,19,0,0
1718,1,2.5,1,14,1,6,0.1,183,5,16,564,980,3755,7,1,8,1,3
1799,1,0.5,0,0,0,49,0.4,107,4,2,632,1383,720,12,2,11,1,0
633,1,2.2,0,0,1,49,0.1,139,8,1,529,1009,3560,11,1,16,1,2
1918,0,1.9,0,2,0,10,0.6,110,5,10,1170,1543,1717,7,1,16,1,2
1273,0,1,0,3,1,48,0.4,99,4,15,490,886,1767,18,15,11,0,1
708,1,2.7,1,0,1,63,1,195,8,7,78,654,2169,6,5,7,1,1
835,0,1.1,1,2,0,7,0.2,101,4,7,323,1604,1181,13,5,15,1,0
601,1,1.4,0,4,1,4,0.1,154,4,13,356,765,532,12,8,10,1,0
507,1,0.5,1,1,0,32,0.5,141,7,11,936,1398,1702,17,0,5,1,1
564,0,1.8,1,0,1,51,0.5,168,3,1,912,1980,1074,14,8,15,0,0
1559,1,1.6,1,6,1,6,0.5,162,6,17,179,1559,3352,9,1,3,1,3
728,0,2.7,1,0,0,25,0.2,88,4,1,526,1529,2039,5,1,12,1,1
1992,1,1.6,0,5,1,57,1,100,2,15,1552,1596,606,9,3,4,1,1
1876,0,0.5,0,10,1,40,0.3,86,6,14,546,1564,2513,10,8,16,0,3
1054,0,1.1,1,10,1,38,0.4,136,6,12,1097,1222,1675,18,4,14,1,1
1283,1,1.6,1,4,0,47,0.9,93,5,5,372,692,2698,9,6,17,0,2
1066,0,0.6,0,2,1,7,0.9,114,7,18,1242,1571,468,19,13,6,0,0
730,0,2.1,1,0,1,4,0.1,89,8,2,302,1247,1210,19,15,4,1,0
1053,1,0.8,1,7,1,45,0.3,103,1,12,594,1767,3086,17,6,5,1,3
793,0,1,1,5,1,30,0.9,133,2,15,1858,1935,2332,17,13,14,1,2
1220,0,2.9,0,3,0,62,0.5,125,4,8,403,1933,2589,19,11,15,1,2
1662,0,0.5,0,0,1,61,0.8,126,4,13,32,1509,3760,9,5,13,1,3
1281,1,2.8,1,3,1,8,0.3,144,4,19,590,954,1851,8,2,9,0,1
1563,0,2.4,0,0,1,24,0.2,170,8,0,142,1699,3660,7,5,5,0,3
1995,1,1.9,0,6,0,9,0.8,139,6,18,1830,1963,1203,14,12,18,1,2
1517,0,0.5,0,6,1,48,0.6,143,5,14,802,1489,2822,15,5,11,1,3
832,0,1.6,1,1,1,34,0.3,108,5,5,311,1294,447,15,13,12,0,0
1937,1,1.7,0,17,0,58,0.6,189,1,19,1728,1767,3321,5,4,14,0,3
1348,0,2,0,18,0,52,0.3,98,3,20,1869,1942,955,18,11,7,1,1
1956,0,2.2,0,0,1,37,0.5,87,3,2,185,776,1109,13,1,19,0,1
645,0,1.2,0,6,1,41,0.7,184,8,17,741,1130,714,18,2,13,0,0
1648,0,0.7,0,6,1,64,0.8,170,4,9,1153,1876,610,8,1,6,0,1
728,0,1.7,1,0,1,5,0.6,101,2,20,584,775,834,16,0,5,0,0
1379,1,2.1,1,14,1,63,1,83,1,17,207,1370,651,9,6,7,0,0
1730,0,2,1,0,1,20,0.1,143,4,10,418,1023,1595,14,0,12,0,1
1723,1,1,0,1,1,7,0.6,126,3,17,384,1361,1213,5,0,16,1,1
580,1,1.2,1,0,0,47,0.9,91,3,1,1086,1345,3451,15,1,11,0,3
668,0,2.3,0,2,1,48,0.3,114,1,19,195,1292,1201,14,12,4,0,0
1391,0,1.4,0,2,1,36,0.8,182,1,6,14,1256,3139,14,7,14,0,2
1560,0,2.3,0,0,1,22,0.8,169,7,1,745,1364,1938,15,11,16,1,2
1989,1,2.9,1,8,0,17,0.1,193,8,15,629,682,2369,7,0,18,0,2
576,1,2.8,0,2,1,10,0.2,184,5,7,513,1438,2938,6,0,5,1,2
1610,1,2.9,0,7,1,64,0.9,181,4,12,1236,1280,941,8,4,9,0,1
1394,1,0.9,1,10,1,62,0.3,175,5,13,1010,1565,473,11,1,20,0,0
899,0,0.5,1,13,1,57,0.9,172,2,18,788,1331,364,11,1,7,0,0
763,0,1.7,1,8,1,2,0.5,92,8,14,1028,1186,1050,6,4,8,0,0
508,0,1.6,1,0,0,9,0.4,162,6,2,1419,1920,2616,18,8,10,1,2
825,0,2.9,1,0,0,34,0.8,99,8,17,1471,1866,2915,8,2,10,0,3
1864,0,1.4,0,8,1,46,0.7,178,1,12,168,981,2686,11,7,18,1,2
1725,0,0.5,1,8,1,52,1,185,6,12,1125,1195,1243,19,18,5,1,1
1011,0,1.1,0,4,1,36,0.2,131,7,18,481,749,2261,7,6,16,1,1
1703,1,1.5,1,17,1,55,0.7,138,5,19,1411,1711,2993,5,1,20,1,3
930,1,1.3,1,1,1,14,0.4,97,6,10,77,1025,2457,11,7,17,0,1
1482,0,0.5,0,2,0,48,0.2,142,7,10,634,642,2971,12,8,12,1,2
864,1,3,1,0,1,54,0.7,187,2,1,127,1670,3121,18,2,16,1,2
1117,0,0.5,0,1,0,12,0.6,144,7,8,798,817,2895,7,6,16,0,2
1375,1,1.1,0,3,1,9,0.9,145,7,19,475,726,3869,19,18,10,1,3
1945,0,1.6,1,0,1,57,0.3,195,4,1,743,1753,732,14,1,14,0,1
788,0,2.5,1,4,1,57,0.9,91,8,12,42,1161,3969,12,8,6,1,3
880,1,1.7,1,0,0,33,0.7,173,2,2,30,1350,1414,12,1,7,0,0
1323,1,2.5,1,10,1,28,0.2,131,4,12,162,619,1892,10,0,15,1,1
1868,0,2,1,0,1,42,0.2,169,1,4,347,660,3131,8,3,7,1,3
1266,0,1.9,1,0,1,7,0.2,184,3,12,346,1468,2532,10,5,4,1,2
1042,0,2.7,1,16,1,50,0.8,93,7,18,727,1705,3215,18,0,20,1,3
1552,1,2.2,0,6,1,13,0.2,123,6,9,269,1026,2403,9,2,9,1,2
1454,1,0.5,1,1,0,34,0.7,83,4,3,250,1033,3419,7,5,5,0,3
1029,1,1.9,1,5,1,5,0.2,171,5,8,264,956,582,15,7,4,1,0
1582,0,2.8,0,2,1,44,0.5,112,6,13,1486,1797,3890,17,10,10,1,3
651,1,0.8,1,2,1,63,0.2,176,5,4,548,858,2244,14,9,19,0,1
1483,0,2.1,0,1,1,54,0.2,176,7,2,531,758,1851,15,13,2,0,1
914,1,0.9,0,2,0,4,0.8,100,2,12,191,1495,808,11,7,5,0,0
1178,0,2.2,1,6,0,57,0.3,84,3,17,96,1352,2492,16,14,10,0,2
1190,1,2.2,1,9,0,47,0.3,186,6,10,1417,1441,624,9,3,19,1,0
1197,0,1.3,0,3,1,20,0.5,149,6,7,649,1629,1797,19,5,4,1,1
1887,1,3,1,6,1,17,0.2,126,8,7,1172,1798,3348,18,16,16,0,3
728,0,2.3,1,4,0,23,0.8,111,4,5,126,817,457,17,10,16,1,0
685,0,0.5,1,8,1,13,0.8,82,7,15,1091,1203,3210,15,7,2,1,3
1472,0,2.8,1,1,0,36,0.5,130,6,10,1452,1744,985,12,11,7,0,1
853,1,2,0,10,1,3,0.6,200,2,16,674,740,3701,15,8,8,0,3
1654,0,1.8,0,1,0,11,0.3,146,7,2,1184,1719,1070,8,1,14,1,1
1991,1,2.7,0,5,1,64,0.9,145,2,13,1058,1325,1733,5,3,8,0,2
712,1,0.5,1,3,1,35,0.2,84,2,10,558,1208,2190,16,12,4,1,1
1289,0,0.9,0,10,1,25,1,178,6,12,765,899,1043,6,2,11,0,0
932,0,1.3,0,1,0,64,0.7,154,7,2,1176,1224,3817,8,7,9,1,3
1747,1,0.9,0,6,1,48,0.7,94,3,19,947,1131,2362,17,2,19,0,2
1128,1,1.4,0,12,0,53,0.4,84,5,14,609,1370,2982,14,9,12,0,3
664,0,1.2,1,0,0,28,0.9,106,5,5,754,1497,2042,17,15,19,0,1
513,1,0.5,0,6,1,44,0.1,186,4,12,619,867,1343,5,1,9,0,0
1512,1,1.7,0,12,0,6,0.7,162,7,17,205,884,2335,15,7,7,1,2
1986,0,0.5,1,3,1,51,0.1,165,8,20,282,1358,1614,17,12,3,1,1
1653,0,0.5,1,2,1,37,0.9,176,4,6,447,1785,3955,19,4,18,1,3
1433,0,1.6,0,7,0,4,0.7,133,8,11,281,799,258,11,9,4,1,0
765,0,2.9,0,0,1,18,0.1,153,7,0,6,793,1066,11,1,16,0,0
1077,0,2.5,1,0,1,45,1,174,3,4,897,1304,1965,6,2,6,0,1
932,1,0.5,0,1,1,60,0.7,104,4,2,268,1078,1459,6,1,19,0,0
1122,0,1.2,0,9,0,2,0.6,120,4,14,331,790,3291,11,2,13,1,2
1588,0,0.5,0,0,1,61,0.8,159,1,13,1064,1594,3272,18,0,17,0,3
1697,1,0.7,0,1,1,34,0.1,95,1,3,236,1264,3701,15,9,8,0,3
1579,1,1.5,0,0,0,27,0.2,142,6,18,831,1484,1713,16,4,10,1,1
1277,0,3,0,0,1,41,0.3,200,4,3,902,1090,429,9,4,14,1,0
1138,0,1.1,0,5,1,48,0.6,109,3,14,233,1777,2048,6,0,18,1,2
1889,0,2.8,0,5,1,31,1,132,1,10,170,1106,3672,5,1,3,1,3
857,1,2,1,3,0,17,0.2,195,7,9,157,948,3100,17,5,13,0,2
1225,1,2.4,0,0,0,15,0.1,155,5,0,840,982,1970,16,8,15,0,1
1066,0,1.6,0,5,0,39,0.6,131,5,17,401,1586,2728,6,0,17,1,2
1438,0,2.2,0,0,1,32,0.6,176,7,6,683,1663,869,19,13,9,1,0
1661,1,1.4,0,0,0,29,0.3,119,2,0,536,861,591,9,2,9,1,0
687,1,1.3,0,9,1,50,0.6,151,4,20,584,1151,3416,14,6,8,0,3
1074,0,2.4,1,2,1,9,0.9,103,6,14,946,952,1948,13,1,18,1,1
1039,0,1.3,0,0,1,12,0.8,200,8,0,1428,1827,1619,7,1,10,1,1
1059,0,2.4,0,8,0,61,0.1,134,3,18,1613,1916,3716,15,13,11,0,3
1928,1,1.8,0,9,1,19,1,187,3,20,691,1580,3777,7,2,13,1,3
1780,1,0.5,0,6,0,27,0.1,190,4,11,1331,1463,2776,19,17,14,1,3
1821,0,0.9,0,9,1,12,0.3,114,1,18,97,1803,2430,7,4,6,1,2
1076,1,2.6,0,3,1,38,0.7,119,6,8,129,915,891,18,3,9,0,0
532,1,0.8,1,3,0,8,0.1,193,5,10,1213,1354,728,13,5,8,0,0
1656,1,1.6,1,0,0,16,1,117,7,2,320,899,2856,14,3,20,1,2
1185,0,1.9,0,0,0,31,0.4,152,8,7,837,1642,2447,16,2,3,1,2
577,0,2.4,0,8,1,37,0.9,161,6,20,1087,1450,814,11,7,19,1,0
704,0,2.2,1,4,0,53,0.2,186,6,6,251,1013,3653,7,1,15,1,2
793,0,1.2,1,1,1,38,0.6,176,4,7,1226,1815,3139,6,1,12,1,3
707,0,0.5,0,0,1,16,0.1,194,2,0,1027,1508,1853,17,14,12,1,1
767,0,1.9,0,16,1,19,0.2,185,6,17,271,1000,2445,6,1,6,1,1
1350,1,0.5,1,0,1,50,0.8,181,8,4,369,544,2287,15,1,8,0,1
641,1,1.1,0,0,1,7,0.9,192,1,3,417,759,3595,7,5,19,1,2
1900,1,2,1,1,0,41,0.5,190,8,6,912,1596,850,5,1,4,1,1
726,0,2.9,0,0,0,43,0.1,101,8,0,666,760,1446,17,2,8,0,0
1544,0,2.3,0,12,1,45,0.1,113,8,20,236,857,1300,8,7,18,0,1
1454,1,1.6,0,6,1,21,0.2,160,4,10,186,1100,719,14,10,10,1,0
1519,0,2.1,0,0,0,32,0.7,200,1,10,168,1239,2912,11,10,15,0,2
1191,0,2.4,1,2,0,13,0.9,169,1,7,179,1813,1028,14,6,8,1,0
1170,1,1.2,0,4,0,30,0.4,83,8,15,27,1722,1073,6,4,8,0,0
1572,1,0.8,1,7,1,8,0.8,169,5,8,577,1237,3461,6,3,10,1,3
1627,0,0.9,1,9,1,32,0.1,180,6,16,52,1082,3206,12,6,16,0,3
1701,1,0.5,0,13,1,46,0.9,115,2,15,364,828,3717,11,0,10,0,3
1197,1,0.5,1,9,0,20,0.1,129,5,10,214,1710,2885,19,7,14,1,2
587,1,2.3,1,4,0,6,0.7,170,1,16,612,1793,2777,9,2,14,0,2
1512,1,0.5,0,8,1,18,0.1,88,3,17,1079,1897,3607,12,10,6,1,3
1813,1,0.6,1,0,1,5,0.2,198,3,8,338,1306,759,9,3,14,0,0
704,1,2.7,0,8,1,29,0.2,80,1,10,1108,1509,1122,9,3,10,1,0
1395,1,2.8,0,0,1,55,0.6,118,3,1,782,1787,3373,11,2,16,0,3
621,1,2.7,1,0,0,54,0.1,151,4,20,434,910,2801,6,1,5,1,2
561,1,1,0,0,0,11,0.1,163,8,10,492,1176,3421,16,2,5,1,2
1170,0,2.9,1,2,0,40,0.4,169,6,5,427,684,2366,16,8,2,1,1
1878,0,1.5,1,5,1,56,0.3,139,5,13,183,559,2711,8,2,3,1,2
1871,1,2,0,7,1,20,0.1,81,7,14,88,1682,2144,13,12,12,1,2
922,0,1.5,1,1,1,35,0.9,188,7,15,1016,1383,1165,19,6,4,1,0
1975,1,1.5,0,6,1,16,0.9,128,8,11,80,655,2998,5,4,13,0,2
1212,0,2.6,0,1,1,46,0.3,102,4,8,611,1715,2249,14,3,4,1,2
1836,1,2.1,1,0,1,30,0.2,184,7,15,276,1230,3072,7,3,5,0,3
1109,1,2.7,1,1,0,39,0.4,98,1,9,1391,1787,1524,15,10,7,1,1
1944,1,0.5,0,5,1,36,0.1,197,6,18,1060,1970,584,17,14,13,0,1
1225,0,0.7,1,0,1,2,0.6,138,7,1,217,1101,2675,12,11,15,0,2
1359,1,0.5,1,1,1,58,0.5,107,6,3,446,901,1076,16,8,4,1,0
946,0,2.1,0,0,1,19,0.2,154,8,0,159,630,2104,7,4,16,0,1
1231,0,1.2,1,5,0,54,0.8,185,3,10,632,1184,1762,5,3,6,0,1
1397,0,2.9,1,13,0,9,0.5,87,6,18,1308,1991,3137,12,1,11,1,3
701,1,0.7,0,7,0,15,0.5,160,3,11,1002,1256,1756,6,3,17,1,1
955,0,0.5,1,4,0,43,0.9,143,5,8,1248,1511,1432,12,9,9,1,1
1063,1,2.5,0,0,1,31,0.9,95,6,10,295,935,961,16,6,5,0,0
543,1,0.5,1,4,1,60,0.7,132,5,7,693,1031,933,14,0,5,0,0
1762,1,2.7,1,13,1,25,0.9,189,1,14,300,527,1896,14,10,20,1,1
1112,1,0.5,1,1,0,53,0.6,121,4,16,234,739,3655,7,3,20,0,3
1762,1,2.5,0,10,1,15,0.3,107,8,11,1103,1364,2183,8,3,11,0,2
571,0,1.6,1,8,0,35,0.2,186,7,20,177,1282,2598,13,5,8,0,1
666,1,0.5,1,7,1,54,0.4,81,3,13,58,1353,1254,15,9,9,1,0
1778,0,1.4,1,3,1,45,1,132,4,17,88,516,1624,15,13,9,0,1
1926,1,1.1,0,13,1,50,0.2,179,6,17,371,1000,3809,17,12,17,0,3
1897,0,3,0,1,1,21,0.5,192,8,2,1311,1935,273,17,6,3,1,0
1695,0,0.5,1,6,1,46,0.7,200,3,9,1791,1898,446,16,13,15,1,1
1623,1,1.2,0,6,1,61,0.9,120,7,12,1568,1832,1510,12,10,17,0,2
914,1,0.5,0,0,1,26,0.7,147,4,0,706,721,1122,12,9,2,1,0
1721,1,0.5,1,4,1,33,0.5,128,4,5,871,1048,707,19,2,5,1,0
638,0,1.7,1,11,0,27,0.5,102,4,17,1171,1383,2735,7,2,9,0,2
852,0,1,1,4,1,62,0.7,104,7,13,293,1159,2253,17,4,7,0,1
1260,0,0.6,0,5,1,13,1,106,6,6,165,736,2710,13,1,8,0,2
1793,0,1.8,1,10,0,12,0.5,169,6,17,1086,1418,3533,16,14,15,1,3
1694,1,0.6,0,0,1,34,0.3,102,7,7,377,549,2298,17,5,2,0,2
1527,0,2.7,0,10,1,60,0.1,154,5,14,526,1116,2078,5,3,11,1,2
1314,0,2.9,1,8,1,41,0.1,155,4,12,113,577,626,10,4,4,1,0
705,1,0.5,0,5,1,57,0.9,155,6,9,1114,1374,1509,15,11,18,1,1
1979,1,2.9,1,0,1,19,1,176,3,9,1331,1532,411,8,2,2,1,0
561,1,2.1,1,7,1,2,0.1,193,3,13,1055,1294,665,10,0,4,0,0
535,0,1.5,0,1,1,48,0.7,113,1,4,290,811,740,11,10,18,0,0
1519,0,2.9,0,2,0,30,0.7,112,7,8,1122,1702,2440,9,5,10,1,2
1254,0,1.2,1,2,0,50,0.7,108,5,6,462,1013,3959,10,4,17,0,3
1591,1,2.2,0,3,1,49,0.4,154,6,7,1384,1883,3703,17,6,20,0,3
1640,1,0.7,0,10,1,21,0.8,169,7,14,589,1301,337,16,3,5,0,0
1108,1,1.3,1,14,1,2,0.3,169,7,20,208,1742,1229,5,3,4,0,0
1397,0,2.4,1,5,1,3,0.2,121,3,15,433,1658,1378,18,15,4,1,1
614,0,1.7,1,0,1,58,0.2,128,7,2,22,519,3487,15,6,11,1,2
1590,0,0.6,1,0,0,7,0.3,122,3,17,1464,1595,1201,12,3,18,1,1
984,1,0.5,0,13,1,42,0.8,98,7,17,1036,1611,898,16,8,13,0,0
1536,0,0.8,0,12,0,13,0.3,105,7,20,22,1634,2020,6,0,16,0,2
675,0,2.4,0,1,0,42,0.6,187,7,2,482,874,2953,9,5,13,0,2
1303,0,1,1,0,1,15,0.1,138,3,10,229,1604,2574,12,4,14,1,2
1822,0,1.2,0,0,0,8,0.2,195,6,0,172,910,2577,9,5,8,0,2
1159,1,2.8,0,5,1,18,0.5,83,1,7,681,723,2246,8,1,3,0,1
894,0,2.1,1,16,0,16,0.7,168,8,20,286,1300,3377,5,1,6,1,2
1884,0,2.1,1,7,1,43,0.8,185,1,18,451,819,3619,14,8,7,1,3
798,0,2.4,0,5,0,4,0.2,96,3,9,526,643,2965,15,7,14,0,2
1276,1,2.9,1,2,0,53,0.3,130,2,3,217,735,3798,19,10,8,1,3
545,0,0.5,0,0,1,11,0.3,131,3,1,381,1452,616,15,6,19,1,0
1264,0,2.9,1,2,1,34,0.2,171,3,3,562,849,419,7,4,3,1,0
1030,0,1.6,1,3,1,58,0.2,138,6,20,1111,1812,2858,6,2,18,1,3
1432,1,1.7,1,6,1,39,0.3,164,4,18,209,947,504,14,4,10,0,0
558,1,2.8,0,1,1,49,0.8,142,5,4,997,1605,392,10,5,8,1,0
733,0,2.1,0,5,1,7,0.2,174,7,10,445,1409,1403,15,8,2,0,0
1911,1,2,0,7,1,64,0.6,163,8,8,1795,1958,3872,9,8,11,0,3
1760,0,1.9,0,1,1,50,0.8,198,1,2,273,1704,2549,10,8,4,0,2
827,0,1.1,1,2,1,18,0.9,160,2,16,448,821,1663,14,0,17,1,0
1786,0,0.5,0,9,1,58,0.7,161,7,10,231,1671,2764,9,3,7,1,3
774,1,0.6,1,2,1,8,0.4,136,1,4,1713,1865,2614,7,0,14,1,2
1892,1,0.7,0,5,0,47,0.4,110,4,10,1399,1564,2172,17,14,3,1,2
774,1,2.8,0,7,1,55,0.9,124,3,18,8,896,3916,8,1,12,0,3
1501,0,1.1,0,12,1,2,0.2,187,1,15,198,1056,2487,13,12,16,1,2
1442,0,2.2,0,0,1,56,0.7,145,5,3,1626,1668,1513,11,8,7,0,2
1320,0,2.1,1,0,1,41,0.6,144,7,2,123,1229,542,11,1,14,0,0
1422,0,1,0,15,0,3,0.1,112,1,17,1,926,509,19,1,3,1,0
1591,1,2.2,1,4,1,52,1,161,3,16,548,1641,282,10,9,14,1,0
1929,1,0.5,1,0,1,19,1,163,6,2,349,1051,1913,12,7,6,0,1
1312,0,1.3,0,5,1,10,0.6,163,2,9,95,893,3941,6,2,13,1,3
691,1,2.7,1,4,1,33,0.9,108,4,8,951,962,424,5,3,15,1,0
918,0,0.9,1,1,0,8,0.1,123,7,5,653,671,1652,17,4,14,0,1
1387,0,0.5,0,0,1,61,0.5,98,3,0,785,1151,629,5,3,11,0,0
1883,1,2.7,1,6,1,30,0.5,95,2,10,531,791,3724,16,15,20,1,3
1593,1,1,0,0,1,52,0.7,130,8,0,761,1336,1354,15,13,13,1,1
1965,0,0.5,0,6,1,4,1,84,7,9,977,1660,3535,17,0,16,1,3
1224,1,1.6,0,9,0,33,1,157,1,18,522,563,3796,10,5,13,0,3
1184,0,1.5,1,1,1,48,0.6,191,1,6,519,1577,3315,17,7,14,1,3
966,0,2,0,8,1,34,0.5,118,2,10,214,1523,3534,18,17,11,1,3
1843,1,1.8,1,13,1,16,0.7,134,6,18,118,580,3213,15,14,15,0,3
1286,1,2.3,0,10,1,16,0.1,98,2,18,18,662,424,10,5,4,0,0
840,0,0.6,0,0,1,63,0.8,137,7,19,987,1081,3486,12,8,18,0,3
767,0,0.8,0,7,1,10,0.5,107,4,12,517,1995,2317,6,0,12,1,2
994,1,2.8,1,0,0,56,0.5,173,3,3,491,530,3190,5,2,20,1,2
623,0,2,0,2,0,6,0.1,127,3,4,144,672,3657,17,3,19,0,2
1425,0,1.2,0,9,1,35,0.7,127,8,14,150,1897,590,13,2,6,1,0
1296,0,1.4,1,3,0,11,0.2,129,7,4,1222,1382,2552,19,8,10,1,2
1236,1,2.8,0,6,1,32,0.3,143,4,18,492,1403,942,16,12,14,1,0
569,1,0.5,1,10,1,4,0.8,170,3,19,351,1159,2351,8,7,10,0,1
603,1,0.7,1,0,1,64,0.2,156,6,0,1842,1968,604,10,4,8,1,0
1332,0,0.8,1,2,0,11,0.5,187,2,4,758,1165,1285,5,0,9,0,1
1413,0,0.6,0,0,1,13,0.1,128,1,0,1323,1481,515,5,0,18,0,0
1444,0,0.6,0,2,0,48,0.5,82,5,17,1092,1554,2540,17,2,15,1,3
1187,0,2.3,0,0,1,21,0.2,122,6,6,215,1125,2547,10,3,5,0,2
878,1,1.3,0,13,1,31,0.5,153,4,18,575,618,3497,9,7,11,0,2
912,0,0.5,1,0,0,58,0.3,107,5,1,165,1723,3573,17,3,20,0,3
1181,0,2.3,0,12,1,61,0.6,116,2,16,385,831,2020,6,0,18,0,1
1497,1,0.7,0,5,0,32,0.7,92,3,9,1920,1933,1329,6,1,7,0,2
1549,1,0.5,0,4,0,8,0.4,158,5,7,721,1514,1998,12,7,15,0,2
1112,0,0.5,0,0,1,12,0.9,190,4,6,777,1119,3302,11,0,20,1,3
783,1,1.7,1,9,1,27,0.3,150,6,11,458,1263,1185,15,4,6,1,0
989,1,2,0,4,0,17,0.2,166,3,19,256,1394,3892,18,7,19,0,3
1983,1,1.2,1,6,1,27,0.6,125,1,11,370,1197,3897,12,10,10,1,3
1254,0,1.7,0,0,1,45,0.4,146,3,3,1571,1956,606,7,2,2,1,1
1763,0,2.9,1,1,1,53,0.2,101,4,20,138,806,2066,12,9,17,1,1
1966,0,0.8,1,15,1,48,0.2,144,1,16,1242,1973,1252,6,4,19,1,2
959,1,1.7,0,15,0,13,0.4,155,4,16,87,736,3328,10,9,10,1,2
1689,1,2.4,1,0,1,13,0.9,168,2,9,521,674,1172,12,11,17,1,0
582,0,0.5,1,3,0,27,0.2,168,3,10,985,1420,2437,19,2,2,1,2
1485,0,2.8,0,3,1,44,0.1,138,4,14,341,774,3271,14,12,8,0,3
1231,0,0.7,1,2,0,7,0.9,113,1,7,43,1663,3119,9,4,15,0,3
764,1,1.2,1,1,0,13,1,152,8,2,361,511,3148,18,7,6,0,2
1589,0,2.6,0,9,0,46,0.4,84,3,16,618,940,2373,11,9,20,0,2
1456,0,1.6,1,9,1,39,0.1,80,8,10,815,1666,3998,6,3,13,0,3
1061,1,2.1,0,3,1,52,0.1,109,7,4,138,1330,999,16,12,9,0,0
674,1,2.8,1,0,1,8,0.2,93,3,0,750,772,589,18,6,4,0,0
832,0,1.1,0,0,1,46,0.3,93,6,0,820,1366,3317,8,0,19,0,3
1631,0,0.5,0,2,1,13,0.5,166,2,16,960,1735,2173,12,3,8,0,2
633,1,1.4,0,0,1,46,0.7,102,6,10,709,1915,1401,19,14,11,0,1
1745,0,1.5,1,4,1,57,0.1,159,3,16,1164,1908,2885,13,11,5,1,3
862,0,2.3,0,9,1,6,0.1,107,8,14,829,1977,3458,9,4,9,1,3
1596,0,2.9,1,7,0,7,0.7,149,2,9,169,1190,2493,14,12,13,1,2
1807,0,2,1,0,1,13,0.5,155,8,0,970,974,323,9,3,3,1,0
1923,0,0.5,1,7,0,46,0.5,191,1,10,767,1759,1489,10,9,3,1,1
1330,0,0.9,0,6,1,52,0.8,84,4,12,462,1304,3269,19,6,8,0,3
1046,1,2.8,1,0,1,58,0.2,100,8,0,259,1040,3863,17,12,9,1,3
1035,0,0.6,1,2,1,44,0.5,99,3,3,236,1960,3506,14,5,12,0,3
1175,1,1.3,0,2,0,19,0.3,164,7,9,873,1394,1944,9,4,9,0,1
1068,0,0.7,1,9,0,51,0.5,124,4,15,1405,1910,550,12,8,6,0,0
1688,0,2.5,0,0,1,21,0.2,170,7,0,650,864,3984,17,14,8,1,3
559,1,0.5,0,10,0,11,0.4,82,5,14,541,823,2019,10,4,16,1,1
818,0,1.3,0,14,0,43,0.9,177,6,15,111,510,546,12,6,7,1,0
1456,0,1.6,1,5,0,49,0.2,193,3,20,1285,1427,3624,12,11,16,0,3
774,0,0.5,1,2,1,10,0.5,188,2,9,1480,1731,2944,8,6,2,1,2
1068,0,0.5,1,0,1,19,0.9,197,8,9,322,875,1209,19,12,12,0,0
1373,1,1.9,1,1,1,29,0.9,141,6,12,1220,1348,2752,15,2,7,1,3
594,0,0.8,0,2,1,28,0.1,132,5,3,1011,1263,3087,16,4,4,1,2
1633,0,1.7,1,3,1,33,0.9,111,2,19,146,906,511,9,0,7,0,0
1221,0,0.5,0,1,1,28,0.5,139,1,7,1895,1976,2438,13,11,10,1,3
1986,0,2.7,1,3,1,64,0.2,162,4,20,236,1520,1377,5,3,15,1,1
1099,0,0.5,0,13,1,61,0.3,146,3,20,393,1096,1699,17,10,3,1,1
1576,0,2.6,0,7,0,58,0.2,90,3,16,400,631,336,14,8,13,1,0
957,1,0.7,0,0,1,4,0.1,160,2,0,38,1682,1898,12,4,3,0,1
1681,1,2.5,1,6,0,18,0.3,167,1,7,850,1005,2265,5,3,20,1,2
1753,0,1.2,0,8,1,12,0.9,113,7,17,387,1595,1445,17,16,12,1,1
1104,0,1.7,0,1,1,60,0.4,199,2,13,653,1413,1229,6,0,3,1,0
1154,0,0.5,0,12,1,14,0.7,156,7,14,251,1801,587,8,3,4,1,0
673,1,1.7,1,3,1,22,0.1,88,1,5,594,1088,2050,7,2,17,0,1
864,0,1.7,0,3,1,35,0.3,103,3,7,663,1805,1904,12,8,13,1,1
547,0,1.9,1,1,0,37,0.4,154,5,4,371,541,2705,17,3,10,0,1
980,1,0.5,0,0,1,33,0.9,160,6,0,1008,1758,2268,7,5,4,0,2
643,0,1,0,9,1,18,0.2,187,8,12,442,1079,2648,7,5,18,1,1
1925,0,3,1,0,1,16,0.8,175,8,11,983,1087,2173,7,3,19,0,2
1959,0,0.5,1,5,0,18,0.7,191,6,20,65,1055,619,7,4,8,1,0
1809,0,0.5,0,6,0,23,0.7,123,6,19,433,1661,2784,12,6,20,1,3
1703,1,0.5,0,5,1,23,0.2,92,6,7,134,521,793,7,3,17,0,0
1095,1,0.5,0,4,0,45,0.5,197,1,5,179,1247,560,9,1,10,0,0
1342,0,1,0,0,1,31,0.6,86,7,1,991,1638,2746,15,5,10,0,3
1189,1,2.3,0,13,0,8,0.5,198,3,14,379,932,893,9,6,13,0,0
518,1,2.4,0,0,1,62,0.6,128,6,0,489,710,2514,16,12,7,1,1
1449,0,0.8,1,3,1,10,0.2,144,1,12,1518,1883,1032,10,0,8,1,1
516,0,1.1,1,0,1,39,0.4,91,5,7,855,1401,819,8,0,10,1,0
1836,0,1.1,1,0,0,14,0.7,104,5,1,168,1068,2469,18,6,7,1,2
1741,1,0.5,0,1,1,55,0.1,140,5,3,719,755,2575,13,10,7,1,2
688,1,1.5,0,0,0,2,1,89,3,2,271,869,391,5,2,8,1,0
775,1,2.5,1,1,1,10,0.1,185,7,14,444,1555,1719,19,3,18,1,1
1375,0,0.5,1,2,1,35,0.1,194,2,3,227,772,1947,15,13,15,1,1
1697,0,0.5,0,0,1,60,0.1,90,4,0,88,1046,441,15,1,11,0,0
741,0,1.5,0,1,0,14,0.3,178,5,13,334,594,1886,19,11,9,1,0
1672,1,0.5,1,13,1,32,0.7,174,1,20,1281,1896,1267,17,4,20,0,1
514,1,0.7,0,4,0,57,0.1,186,3,7,168,1320,687,6,0,20,1,0
1266,0,2.6,0,1,0,18,0.4,86,7,2,1187,1595,398,16,8,3,1,0
745,1,0.6,1,5,0,35,0.8,102,8,10,89,1538,2459,14,1,16,0,1
1735,1,1.9,1,0,1,59,0.7,148,6,0,137,846,3230,6,1,9,0,3
586,0,0.5,1,1,0,57,0.3,188,2,5,1226,1389,3646,15,4,11,1,3
1224,1,1.8,1,2,1,44,0.2,139,2,9,622,709,621,11,4,14,1,0
1970,0,1.6,1,11,1,58,0.3,80,8,19,654,882,2372,14,12,2,0,2
618,1,2.2,1,0,1,63,0.9,138,2,1,853,1781,2574,14,3,5,0,2
1537,0,2.9,0,11,1,46,0.8,158,4,17,686,1305,2857,17,14,2,1,3
1671,0,0.5,1,13,0,5,0.9,179,8,18,398,1263,815,16,6,10,1,0
1562,1,1.2,1,0,1,52,0.1,105,7,9,480,728,2829,13,10,3,1,2
1528,1,1.8,1,3,1,55,0.8,129,5,6,454,1762,1282,11,9,11,1,1
1344,0,1.5,0,1,0,14,0.5,190,1,3,419,556,2074,8,1,5,0,1
831,0,2.4,0,10,0,55,0.5,86,6,12,172,1239,1075,12,11,3,0,0
1923,0,1.3,0,3,0,24,1,86,4,4,874,1264,2479,9,2,15,0,2
1193,1,3,0,10,0,56,0.4,196,3,17,674,864,2394,19,11,14,0,2
1635,0,2.6,1,0,1,2,0.6,182,4,0,1209,1411,2315,10,1,2,0,2
1396,0,1.5,1,0,1,44,0.1,118,6,1,173,1843,1386,7,1,8,1,1
1526,0,1.1,1,2,1,38,0.3,116,5,6,798,1418,3317,7,1,8,1,3
987,0,2,1,1,0,20,0.8,192,7,3,412,565,1454,11,3,8,0,0
1414,1,2.2,1,0,1,49,0.5,101,4,1,130,887,2290,13,0,12,0,1
1159,0,2.7,0,13,1,28,0.2,80,8,18,378,751,2495,10,0,9,1,2
1910,0,1.4,0,0,0,29,0.6,146,7,2,333,639,2944,8,7,2,1,2
860,1,1.3,1,8,1,40,0.7,170,3,13,1573,1581,2832,13,7,20,1,2
1268,1,2.9,0,9,1,42,0.9,182,6,17,360,912,931,11,5,20,0,0
763,1,0.5,0,9,1,51,0.3,104,5,12,273,1278,2865,11,6,9,1,2
1100,1,1.6,0,12,0,15,0.1,112,8,14,919,1344,757,12,2,16,1,0
618,1,0.5,1,2,1,57,0.2,88,3,7,879,896,2399,18,15,17,1,1
673,1,2.2,1,2,0,3,0.4,84,2,9,1109,1247,2719,19,2,9,1,2
909,1,0.5,1,9,0,30,0.4,97,3,10,290,773,594,12,0,4,1,0
1880,0,0.5,0,0,1,7,0.6,104,4,1,890,1019,2968,9,0,3,0,3
709,0,1.9,0,11,1,13,0.1,81,8,15,570,1422,467,17,11,5,1,0
1314,1,2.2,0,0,1,40,0.8,116,7,1,328,1858,3033,9,8,17,1,3
1300,1,0.5,0,5,0,62,0.1,156,6,7,219,1037,874,15,3,10,0,0
732,1,2.3,1,7,1,39,0.6,188,7,11,1163,1554,3681,19,3,15,1,3
921,1,2.2,1,12,1,10,0.1,170,7,18,1272,1469,3153,8,2,11,0,3
1130,0,1.8,1,0,0,27,0.9,101,1,8,1495,1579,315,14,5,11,0,0
1129,1,2.8,1,0,0,49,0.5,185,2,2,1070,1079,1857,8,4,5,1,1
708,0,1.9,0,0,0,26,0.3,116,7,1,206,620,1419,10,6,16,1,0
1524,0,2.5,1,11,1,41,1,96,4,20,184,740,1936,7,0,9,1,1
1093,0,1.9,1,2,1,22,0.3,196,8,14,238,807,1869,8,5,4,1,1
1895,0,0.5,0,2,1,5,0.7,134,1,11,725,1335,774,15,4,6,0,1
713,1,1.6,0,7,1,2,0.4,181,8,9,1211,1378,485,10,6,4,1,0
864,0,2.5,0,10,1,24,0.7,148,4,15,1362,1378,3964,13,8,12,0,3
1177,0,0.9,0,1,0,11,1,181,4,7,945,1923,1887,8,5,11,1,1
1898,0,1.8,1,3,1,56,0.2,185,7,4,444,739,2114,10,5,19,1,2
1263,1,2,0,0,0,5,0.4,146,6,3,954,1609,1958,9,6,4,1,2
1237,0,0.5,0,2,0,27,0.1,87,8,5,274,603,2454,14,0,8,1,2
514,1,1.6,0,7,1,37,0.1,172,1,9,956,1723,3392,12,8,5,1,3
1515,0,2.6,0,0,1,56,0.9,184,3,1,1438,1593,262,14,4,20,0,0
1820,1,1.7,1,0,1,64,0.6,161,1,3,1157,1951,574,10,2,18,0,1
697,0,2.7,1,5,1,20,0.4,173,2,6,478,1477,259,12,6,4,1,0
578,1,0.5,0,9,1,62,0.3,170,5,13,626,1134,2977,15,12,5,1,2
1971,1,0.5,1,0,0,40,0.3,186,7,19,485,922,571,8,7,17,0,0
1558,1,2.5,0,2,1,32,0.1,114,5,3,322,1385,878,16,5,17,1,0
1597,1,0.9,0,4,1,4,0.5,85,1,19,880,1145,2130,8,3,15,0,2
1994,1,0.8,1,2,1,7,0.6,88,8,4,667,711,454,11,8,6,0,0
1221,0,2.3,0,7,1,35,0.4,152,7,19,765,1899,2638,19,16,14,1,2
1180,1,1.2,0,5,1,50,1,144,4,20,925,1252,1464,7,3,20,1,1
718,0,2.8,0,10,0,59,0.8,113,6,13,1185,1387,1824,11,9,3,0,1
1670,1,1.6,1,0,0,47,0.8,139,8,15,1706,1886,876,16,0,5,0,1
534,1,2.5,0,1,1,21,0.3,164,7,9,347,1477,2706,7,5,18,0,2
1566,1,0.5,1,0,0,20,0.5,126,2,0,1603,1930,659,14,9,13,1,1
913,0,1.7,1,1,1,41,0.3,103,1,14,431,1144,2278,15,3,18,0,1
917,1,0.5,0,1,1,31,0.5,88,6,2,423,909,3424,19,2,13,0,3
1083,0,1,0,6,0,52,0.9,126,2,20,925,1469,681,19,18,19,1,0
1872,1,0.5,1,14,0,49,0.2,139,7,18,81,1389,3153,16,15,5,0,3
1562,0,0.5,1,1,1,20,0.8,172,8,10,678,1676,3465,16,11,6,0,3
896,0,1,1,3,1,4,0.3,111,1,4,1379,1469,1060,12,10,4,1,1
1733,1,1.5,1,4,1,6,0.9,170,1,15,590,997,3488,6,4,10,1,3
1528,0,2.4,0,2,0,37,0.2,156,8,3,306,564,733,15,0,14,0,0
1370,0,1.4,0,5,1,6,0.2,158,6,8,1392,1783,3703,13,10,11,0,3
609,1,0.5,0,4,1,10,0.1,81,6,6,113,1524,1905,16,3,18,1,1
840,0,1.2,1,5,1,15,0.3,178,6,8,526,1728,2636,12,2,6,0,2
584,1,1.8,0,0,1,19,0.3,168,3,0,1123,1622,465,12,8,4,0,0
860,1,1.3,1,1,1,49,0.7,141,6,13,692,979,3869,16,14,20,1,3
912,1,2.8,1,6,1,46,0.4,84,4,11,995,1310,851,8,4,4,1,0
589,1,0.5,0,1,1,59,0.7,146,8,4,759,1858,362,16,10,6,1,0
1347,0,1.5,1,10,0,56,0.3,95,1,19,398,1528,2456,13,0,13,1,2
956,0,1.9,1,1,0,42,0.1,133,7,11,403,1614,3700,10,0,7,0,3
1928,0,2.6,0,5,0,5,0.8,162,5,16,229,1004,696,14,12,15,1,0
1023,1,2.3,1,5,1,30,0.2,80,8,7,5,1744,2086,10,0,19,1,1
831,0,1.7,1,7,1,26,0.7,177,5,11,511,621,1704,6,5,20,1,0
1496,1,1.3,1,0,1,6,0.5,85,3,9,549,1383,3571,16,1,11,1,3
1095,1,2.6,1,0,1,44,0.7,103,4,5,838,1066,3209,13,11,8,1,3
730,1,0.5,1,3,1,27,0.1,112,5,10,62,846,3623,9,4,15,0,2
1275,1,0.5,1,3,1,5,0.2,152,1,9,19,501,3784,13,4,4,0,3
987,1,2.3,0,9,0,17,0.8,124,7,17,887,1274,3885,11,0,14,0,3
1538,1,2.3,0,6,1,13,0.2,121,7,7,567,986,1494,18,10,12,1,1
1965,1,0.5,0,4,1,29,0.5,149,5,13,584,676,2973,11,1,20,1,3
712,0,0.5,0,6,0,27,0.5,86,2,11,1245,1309,2001,11,10,12,1,1
948,0,2.3,0,14,0,22,0.1,173,5,20,257,1654,3499,11,7,19,1,3
507,1,1.9,1,0,1,39,0.7,142,1,0,17,1084,2124,6,0,12,0,1
1407,0,1.8,1,5,1,16,0.2,170,4,6,925,1206,1068,6,0,8,0,1
1972,0,2.9,0,9,0,14,0.4,196,7,18,293,952,1316,8,1,8,0,1
1811,1,2.5,0,4,1,5,0.6,98,4,16,447,568,2700,13,7,8,1,2
835,0,0.8,1,2,1,42,0.8,128,5,18,396,1378,2583,15,2,13,1,2
947,1,0.5,0,1,1,51,0.1,144,2,15,193,887,2915,17,1,6,1,2
1446,1,2.8,1,0,1,18,0.3,178,8,1,351,1769,3340,8,0,16,1,3
1332,0,1.3,1,5,1,7,0.8,168,7,19,846,855,2790,19,11,10,0,2
1498,1,1.2,1,0,1,14,0.1,191,4,1,111,1167,577,14,12,12,0,0
1576,1,0.9,1,0,1,14,0.4,173,2,4,1213,1386,3220,17,2,6,0,3
1398,0,1.6,1,8,1,26,0.8,150,1,12,755,1284,3488,14,3,11,0,3
1436,0,2.5,1,0,1,42,0.9,124,8,1,1826,1836,2736,12,5,19,0,3
1998,1,1.2,0,8,0,31,0.6,196,8,19,50,1356,2311,17,9,18,0,2
1321,1,1.3,0,0,1,63,0.4,109,8,9,817,941,1464,7,6,16,1,1
1021,0,1.3,0,7,0,9,0.7,192,2,12,901,1793,1355,6,1,14,0,1
1991,0,2.2,1,1,1,42,0.7,82,1,13,366,613,722,6,5,10,0,0
1012,0,0.5,1,4,0,39,0.1,161,4,6,882,1195,2802,8,0,10,0,2
598,1,0.8,1,8,1,62,0.1,117,8,9,118,764,3066,11,2,19,0,2
818,0,0.5,1,2,1,23,0.2,192,5,17,586,1552,2518,19,12,3,0,2
1616,1,2.3,1,3,0,52,0.1,100,5,8,151,1133,657,7,3,2,0,0
1263,1,1.4,1,1,1,32,0.4,103,2,2,409,644,3372,18,13,10,0,3
1604,1,1.9,1,0,1,63,0.6,93,5,2,641,1156,1464,15,9,20,0,1
539,0,2,1,1,0,24,0.5,86,4,2,958,967,1326,7,4,3,0,0
1811,0,2.9,0,0,0,33,0.2,132,8,2,1099,1553,2610,8,3,13,0,3
610,1,1.6,1,9,0,52,0.4,90,4,19,1039,1273,3472,10,4,12,1,3
1004,0,1.6,1,0,1,30,1,160,8,1,62,581,1012,7,4,13,1,0
539,0,1.5,0,6,1,26,0.2,137,6,8,1123,1709,3948,18,11,15,1,3
1325,1,0.5,0,0,1,13,1,133,4,8,1353,1915,3707,19,3,18,0,3
948,0,1.5,1,6,0,18,0.3,119,4,7,340,1728,2926,17,13,9,1,2
1617,0,1.5,0,1,1,63,0.7,111,2,10,274,1079,2754,19,10,8,1,2
856,0,1.9,1,0,1,14,0.6,115,1,7,395,1027,2439,6,3,12,1,1
951,0,0.5,0,6,1,15,0.6,81,2,17,854,935,1083,16,11,16,0,0
1303,1,2.1,0,6,1,10,0.4,109,8,15,1335,1873,2219,9,3,15,1,2
1759,1,1.4,0,10,1,15,0.4,101,4,13,382,1163,2107,18,5,16,0,2
1448,0,0.5,1,18,0,2,0.2,100,5,19,846,1144,593,9,4,18,1,0
1987,1,1.9,0,0,0,50,0.7,119,8,18,960,1925,857,12,4,6,0,1
908,0,2.1,0,1,0,44,0.6,95,5,2,154,941,3518,16,12,7,1,3
1333,0,1.4,0,3,1,59,0.7,183,7,5,394,1301,3442,18,16,5,0,3
1823,0,2.8,1,11,0,10,0.6,81,8,19,362,1250,1812,5,0,19,1,2
1672,1,1.7,1,1,1,44,0.5,172,8,4,1250,1435,1348,11,6,7,1,1
659,0,2.2,0,0,1,24,0.7,151,8,2,924,1877,3925,8,1,10,1,3
915,0,2,0,8,1,31,0.3,91,3,20,875,1316,378,11,6,9,0,0
1134,1,0.9,0,2,1,13,0.4,92,4,19,18,903,3632,17,8,19,0,3
1180,1,2.5,0,0,1,27,0.1,90,6,1,168,540,348,7,5,19,1,0
659,0,0.5,1,7,1,5,0.3,169,8,10,659,730,2190,16,10,16,0,1
1249,1,0.5,0,3,1,55,0.8,140,3,8,605,1193,531,18,10,13,1,0
832,1,0.5,0,5,1,22,0.6,198,1,8,343,1431,1666,15,4,20,1,1
1201,1,0.5,0,1,1,10,0.4,198,6,5,1151,1723,726,11,4,3,0,0
1796,1,2.3,0,4,0,44,0.9,184,2,11,1024,1363,3577,17,7,4,0,3
776,1,1.7,0,0,1,20,1,146,4,9,991,1803,685,15,11,7,1,0
726,0,2.2,0,0,1,40,0.8,94,4,20,323,978,1342,16,11,4,1,0
714,1,2.1,1,5,1,11,0.1,197,3,6,1750,1857,1164,15,12,19,0,1
541,0,1,0,0,1,10,0.4,127,4,0,1836,1873,1019,19,9,15,0,1
1638,0,1,0,6,0,2,0.2,189,1,11,440,563,2299,19,9,9,1,2
1150,1,2.7,0,0,0,39,0.4,151,8,1,397,800,999,6,2,11,0,0
1254,1,2.3,0,0,1,44,0.2,149,1,10,204,1021,3011,7,4,12,0,2
603,0,1.5,0,8,0,12,0.7,114,6,20,1003,1284,1543,7,5,19,0,1
1834,0,2.1,0,7,1,40,0.1,99,4,11,0,1987,3692,13,0,16,0,3
565,0,0.6,1,1,0,50,0.1,158,2,8,543,703,2156,13,6,6,1,1
1143,0,1.2,1,1,1,22,1,125,3,6,1116,1724,1214,12,5,16,0,1
761,1,0.5,0,9,0,3,0.8,196,7,15,1325,1945,2248,19,3,15,1,2
959,1,1.3,1,0,0,36,0.4,196,5,14,1313,1331,3073,19,1,8,1,3
1824,1,1.9,1,9,1,2,0.7,103,1,14,50,1105,3958,12,2,19,0,3
1130,1,0.5,1,1,1,29,0.7,130,1,14,593,1327,432,6,1,10,1,0
1472,0,3,0,4,1,20,0.3,169,2,6,443,892,797,6,1,11,0,0
1868,1,0.5,0,2,1,40,0.9,179,8,17,576,884,298,8,2,17,0,0
881,0,1,0,1,0,64,0.5,160,3,6,115,636,2110,18,9,6,1,1
1742,1,0.5,1,5,1,43,0.9,176,3,7,356,1407,1921,9,2,3,0,2
1970,1,0.5,1,0,1,15,1,132,2,0,1399,1684,1658,15,9,20,1,2
1731,1,1.4,1,4,1,4,0.5,163,6,18,809,1988,3892,5,1,4,1,3
848,1,1.5,1,4,1,36,0.3,151,4,16,56,527,2289,10,2,19,1,1
1575,0,2.5,1,0,1,11,0.2,185,7,20,492,818,2182,7,3,17,0,2
1063,0,1.5,0,7,0,3,0.9,155,4,10,394,849,1919,12,10,20,0,1
1343,0,2.4,1,5,1,14,0.9,81,8,10,1063,1205,462,18,7,11,1,0
834,0,0.5,0,2,1,27,0.2,123,1,16,1421,1463,1591,11,9,20,0,1
1650,0,2.3,0,0,1,38,0.7,89,1,1,773,881,324,14,10,2,1,0
1162,0,1,0,0,0,50,0.5,104,4,10,332,866,1404,10,3,15,1,1
642,1,0.5,0,0,1,38,0.8,86,5,10,887,1775,435,9,2,2,0,0
622,1,1.9,1,12,0,11,0.8,193,8,14,760,1964,3183,5,0,4,1,2
600,1,1.8,0,9,1,6,0.8,199,2,15,486,1032,3495,17,4,7,0,2
733,0,0.8,0,7,0,16,0.4,138,4,12,202,1787,2648,12,0,19,0,2
875,1,0.7,1,1,0,30,0.7,146,8,8,469,853,702,19,15,15,1,0
823,0,1,1,9,1,18,0.2,182,5,16,1180,1350,3894,13,10,9,0,3
790,0,0.5,1,7,1,44,0.1,89,8,8,1100,1437,3424,13,11,9,0,3
1330,1,1.8,1,1,0,40,0.5,177,1,5,194,892,2678,9,4,14,1,2
1660,0,0.5,0,2,1,15,0.7,100,8,8,440,569,2424,12,5,9,0,2
1410,1,0.5,1,0,1,15,0.3,92,3,1,192,1311,2304,18,4,18,0,2
1772,1,1.6,0,17,1,45,0.5,159,2,18,837,1405,1146,6,1,17,0,1
1712,1,0.9,1,2,0,23,1,155,7,19,155,663,1422,5,0,15,0,1
891,0,1.9,1,1,1,18,0.1,153,6,3,40,1435,1303,17,16,4,1,0
1110,0,0.6,0,1,0,42,0.9,192,5,2,1179,1262,456,12,8,18,0,0
1076,0,2.3,1,0,1,14,0.7,191,5,0,1088,1718,2355,17,16,2,1,2
911,1,2.2,1,1,1,28,0.5,182,2,2,157,763,2638,8,4,13,1,1
1317,0,1.5,0,6,0,12,0.1,154,2,9,431,542,425,7,0,11,1,0
940,0,2.9,0,0,0,16,0.7,115,4,1,499,1090,2192,15,13,9,1,1
1494,0,2.4,0,6,1,3,0.9,93,7,17,944,1003,1208,14,13,17,0,1
1546,1,1.6,1,2,1,27,0.7,124,2,6,1138,1491,267,12,10,16,0,0
1253,0,0.7,0,0,1,34,0.9,113,4,10,161,647,3518,7,3,8,1,3
793,1,1.9,1,0,1,43,0.3,124,8,2,15,1196,1050,11,9,3,1,0
1628,1,1.8,1,11,0,56,0.1,136,2,13,500,1713,3358,17,11,12,1,3
1856,0,0.5,1,0,1,24,0.1,155,5,1,277,1155,2052,17,6,10,0,2
1715,0,2.6,1,9,1,15,0.6,120,6,20,114,1849,1249,16,2,4,0,1
964,0,2,0,0,1,22,0.7,86,8,0,225,1234,2577,17,16,5,0,2
1992,1,0.6,1,11,0,2,0.1,141,1,14,649,895,3206,10,9,10,0,3
1093,0,0.5,0,1,1,31,0.6,171,2,12,1310,1420,1646,12,0,6,0,1
586,1,0.6,0,16,1,42,0.3,121,7,17,785,1118,1869,12,2,7,1,1
832,1,0.5,1,1,1,5,0.1,165,5,2,9,1944,3946,12,5,14,1,3
848,1,2.8,0,1,0,8,0.1,103,7,3,7,1294,436,10,6,15,1,0
1776,1,2.1,1,10,0,35,0.1,172,4,16,278,623,1813,16,13,20,1,1
1254,1,1.2,0,2,1,27,0.2,134,2,10,1288,1372,817,14,1,16,1,0
984,1,2.2,1,0,1,39,0.5,119,8,18,56,1931,2013,11,7,16,0,1
1129,1,0.8,1,9,1,21,0.6,116,2,10,1128,1702,1400,11,0,13,0,1
1793,0,2.7,0,12,1,44,0.7,175,5,17,655,1459,2803,19,9,6,1,3
1604,0,1.2,0,1,0,6,0.5,191,6,15,68,1042,3564,7,2,2,0,3
1001,0,2.8,1,1,0,40,0.2,117,3,7,922,1836,3654,13,9,10,1,3
1086,0,2.7,0,0,1,24,0.1,135,8,19,1874,1976,3930,17,1,18,1,3
1986,1,0.5,1,7,1,39,0.1,89,7,19,251,599,3476,11,8,17,0,3
502,0,0.8,0,7,0,52,1,82,6,8,281,1159,2666,5,4,20,0,2
1057,1,2.7,0,3,1,41,0.1,97,4,10,397,891,2033,16,9,2,0,1
841,0,0.5,0,6,1,11,0.3,81,5,14,125,675,957,6,5,11,0,0
999,0,2.6,1,11,1,56,1,165,4,13,342,1641,3083,8,4,11,1,2
1232,0,1.2,0,12,0,30,0.9,131,6,14,625,761,1656,8,4,15,1,1
1194,0,2.3,0,6,1,34,0.2,165,2,12,494,509,313,15,1,19,0,0
612,1,0.5,1,1,1,20,0.8,179,8,6,1145,1487,3282,16,2,18,1,3
1469,0,1.7,1,11,1,44,0.5,169,2,14,484,711,1687,15,5,5,1,1
986,1,0.8,0,13,1,28,0.8,182,4,20,199,679,1149,8,7,18,0,0
1561,0,0.5,1,10,1,4,0.5,134,2,13,885,1811,1783,13,12,10,0,2
1695,1,0.5,1,2,1,47,0.5,189,5,13,308,1208,1629,8,6,11,0,1
1768,1,2,0,0,1,2,0.8,88,7,2,1303,1814,3256,9,6,5,0,3
1175,1,1.7,1,1,1,45,0.6,167,2,7,90,557,2240,10,6,5,0,1
1940,1,1,1,0,1,5,0.2,194,4,1,588,1809,820,19,18,3,1,1
855,1,0.5,0,2,1,59,0.5,159,2,3,1028,1196,1875,16,8,8,1,1
771,1,0.5,1,0,1,33,0.1,157,3,17,776,1247,920,16,2,10,1,0
1509,0,0.6,1,5,0,50,0.3,81,4,8,1010,1684,1540,12,8,3,0,1
1812,1,1.3,1,4,1,42,1,162,7,15,380,1550,3338,18,13,11,1,3
1559,1,1.3,1,10,1,10,0.3,114,8,17,117,681,2203,7,5,15,1,1
1902,0,0.5,0,10,0,13,0.2,155,4,11,766,877,940,14,10,15,0,1
1967,0,0.5,0,0,1,46,0.6,199,1,7,518,1374,1567,15,2,7,0,1
1146,0,3,0,5,1,57,0.4,111,5,10,73,583,291,19,9,11,1,0
1125,1,2.7,0,10,0,23,0.4,117,1,14,774,939,1641,14,8,12,0,1
1826,1,0.5,1,5,1,49,0.6,172,8,6,973,1633,1612,17,9,17,0,2
695,0,0.5,0,18,1,12,0.6,196,2,19,1649,1829,2855,16,13,7,1,2
1441,0,0.6,1,0,1,53,0.5,106,1,12,254,954,1393,9,4,4,1,1
1002,1,1.8,0,1,0,45,0.7,180,7,7,948,1007,1234,19,13,18,0,0
742,1,0.5,0,0,1,36,0.7,139,3,1,1161,1288,292,8,0,6,1,0
1699,1,0.5,0,16,0,21,0.1,156,4,20,105,1099,1181,16,0,18,0,1
548,0,1,1,0,1,56,0.4,146,4,14,657,1657,562,17,14,8,1,0
916,1,0.5,0,0,1,47,0.2,82,4,1,1147,1393,1659,11,10,11,0,1
1083,1,1.4,1,2,1,49,0.8,156,5,9,295,503,1338,16,8,5,1,0
1698,0,2.8,0,10,1,7,0.8,131,8,12,26,508,2992,15,3,17,0,2
1969,0,0.8,1,5,1,7,0.2,85,8,20,332,764,315,16,7,7,0,0
1248,0,2.4,0,6,1,9,0.4,89,3,8,71,1686,2454,9,8,13,0,2
1010,1,2,1,2,1,8,0.9,139,5,3,547,957,2625,15,11,12,0,2
1564,0,1.4,0,5,1,26,0.1,129,6,16,117,1115,3742,13,3,13,0,3
1982,0,1.1,0,12,0,24,0.1,129,7,16,764,1873,3511,16,14,15,1,3
1607,0,1.1,1,6,1,20,1,192,2,8,776,1005,885,11,1,14,0,0
1285,0,0.8,1,4,1,11,0.8,199,5,7,1791,1896,3966,17,15,2,1,3
987,1,1.9,0,4,1,52,0.5,83,3,8,419,736,2757,17,12,15,0,2
1044,0,1.8,0,4,1,12,0.7,104,6,5,1230,1263,1794,18,7,19,1,1
657,1,1.9,1,2,0,21,0.1,110,8,8,705,1905,783,6,1,11,0,0
618,0,1.1,0,11,1,45,0.2,188,3,20,1175,1586,2339,19,2,10,0,2
936,1,2.3,0,5,1,57,0.2,129,2,6,657,938,2049,12,8,5,0,1
1485,1,0.9,1,0,1,28,0.8,158,5,1,371,1023,3241,14,11,11,0,3
1339,1,0.5,1,10,1,21,0.5,80,4,11,833,1441,867,8,3,3,0,0
1086,1,1.7,1,0,1,43,0.2,111,6,1,56,1150,3285,11,5,17,0,2
581,0,0.6,0,5,1,56,0.2,180,2,10,523,565,354,10,4,13,1,0
1329,1,1.7,0,5,1,23,0.6,198,8,6,380,682,2308,11,10,9,0,1
1136,1,1.6,0,15,0,32,0.5,150,6,19,961,1030,3210,10,3,8,1,3
719,1,0.5,1,0,1,23,0.4,113,6,9,431,1727,3990,14,9,12,1,3
1230,1,1.6,0,0,1,48,0.7,111,7,2,1960,1963,1622,18,17,16,1,2
1577,0,1,1,0,1,64,0.1,105,3,7,116,1432,2967,7,3,7,1,3
1876,0,1.3,1,9,1,64,1,98,3,19,600,1211,3132,17,0,2,1,3
1354,1,0.7,1,3,1,26,0.5,136,4,6,297,918,2090,5,1,13,0,1
1424,0,0.5,1,16,1,23,0.6,80,4,18,1399,1663,1053,14,11,16,1,1
1203,1,0.5,1,0,1,11,0.9,109,2,12,35,510,1672,17,13,19,0,0
1777,0,2.2,1,0,0,15,0.2,100,4,7,553,874,1552,10,8,10,0,1
793,1,2.8,1,1,1,64,0.4,179,4,2,818,1006,2296,12,0,5,0,1
1250,1,1.5,0,14,1,20,0.4,167,5,18,11,1020,3314,6,5,6,1,2
1035,1,1.9,1,8,0,11,1,173,6,10,831,1709,2002,17,8,5,0,1
1289,0,0.8,1,3,1,16,0.9,161,6,17,713,1854,3167,14,8,20,0,3
1445,0,2.2,1,2,0,37,0.4,82,2,6,527,1393,3480,17,16,17,1,3
1207,0,0.5,0,0,0,58,0.3,112,8,0,406,681,503,7,3,5,0,0
537,1,2,0,1,1,55,0.3,103,7,2,1041,1430,2029,10,5,12,1,1
1565,1,0.5,0,0,0,38,0.1,121,5,1,781,1364,308,19,17,7,1,0
584,1,1.7,1,1,1,19,0.4,199,4,4,919,1343,3996,12,9,17,1,3
1541,1,1.5,1,6,1,5,0.5,109,4,10,536,1656,1795,7,3,4,1,1
680,1,2.4,0,13,1,34,0.4,157,2,17,686,1418,3845,15,1,4,1,3
877,0,1.5,1,0,1,17,0.1,195,7,0,1064,1985,2004,11,8,9,1,1
1762,0,0.6,0,3,1,26,0.1,83,6,14,525,704,2661,9,7,4,0,2
1692,0,2.1,0,4,1,2,0.9,106,1,17,1899,1904,3779,9,3,7,1,3
1576,1,2.2,0,8,0,5,0.7,139,3,17,258,789,3904,5,1,7,1,3
1680,1,1.2,1,6,1,37,0.7,168,4,7,679,1231,1459,15,3,2,0,1
1715,0,1.3,0,0,1,12,0.3,94,8,6,1224,1676,1633,15,10,5,1,2
720,1,0.9,1,12,1,14,0.8,165,4,14,366,1234,1086,14,7,3,0,0
1660,0,0.6,0,2,1,24,0.8,169,2,3,223,1777,2402,12,10,14,1,2
1356,1,0.5,1,0,0,35,0.8,131,1,19,782,951,3451,5,2,17,1,3
504,1,1,0,8,0,14,0.5,189,7,9,881,1129,1607,15,0,10,1,0
1615,1,2.8,0,3,0,9,0.9,117,1,13,542,678,2948,8,3,3,0,2
649,1,1.4,0,4,1,19,0.8,190,7,12,344,1551,739,18,1,2,0,0
1646,0,2.5,0,3,1,25,0.6,200,2,5,211,1608,686,8,6,11,0,0
1920,0,0.6,1,3,1,19,0.5,131,3,8,670,1152,3943,13,0,4,0,3
1278,1,1,0,7,1,24,0.8,170,3,16,1352,1775,3141,6,2,11,1,3
1961,1,1.5,0,10,0,55,0.5,100,7,20,861,1888,2355,14,7,6,1,3
1745,0,2.9,0,0,1,3,0.9,105,3,0,426,1629,1308,5,0,2,0,1
864,0,1.6,1,0,1,53,0.3,88,6,1,262,1436,493,18,9,10,0,0
608,1,0.5,1,0,0,64,0.9,94,4,0,4,1351,2517,16,8,7,1,1
983,0,1.8,0,0,1,53,0.9,187,1,4,1001,1176,1389,17,8,8,1,1
1802,1,1.2,1,8,0,27,0.5,116,5,16,453,963,1885,10,9,7,0,2
591,0,2.1,1,18,1,16,0.5,196,7,20,952,1726,704,14,5,4,1,0
1719,1,2.1,1,0,0,52,0.1,187,3,1,417,520,2610,10,1,11,1,2
1991,0,2.8,0,3,1,15,0.1,181,1,13,298,1037,1861,8,5,17,1,1
721,1,2.7,1,1,1,15,0.2,102,5,18,655,1255,3606,10,0,5,1,3
1799,0,1,0,1,1,30,0.6,123,3,9,617,1386,445,10,8,10,0,0
684,1,0.9,1,3,1,63,1,157,5,9,159,1738,3756,17,5,12,1,3
955,1,0.5,0,2,0,2,0.6,155,4,10,428,1254,1974,14,1,18,0,1
695,0,1.2,0,1,1,41,0.4,169,8,8,789,1211,2282,5,2,17,0,1
1969,0,1.2,1,9,0,63,0.2,132,4,11,390,756,298,10,1,10,0,0
936,0,1,0,1,0,18,0.2,153,3,18,1330,1686,2391,12,6,3,1,2
1802,0,2.7,1,0,1,10,0.6,101,7,9,253,590,696,14,7,3,0,0
591,1,0.5,1,1,1,16,0.9,90,6,17,892,1603,3746,5,0,5,0,3
1056,1,2.1,1,8,1,37,0.7,101,3,11,914,979,2651,15,5,3,1,2
1982,1,1.6,0,2,1,12,0.2,80,5,20,287,593,1824,13,3,14,1,1
1830,1,0.5,0,5,0,14,0.8,160,6,6,773,1353,1905,16,3,19,1,2
1122,0,0.5,0,0,1,40,0.3,156,7,14,675,1163,1456,9,3,20,0,1
1023,1,0.7,0,2,1,63,0.7,153,7,8,367,1985,3155,11,10,7,1,3
1283,1,2.4,1,8,1,33,1,93,3,15,510,980,773,17,7,2,0,0
718,1,1.6,1,1,1,30,0.4,93,3,12,662,997,1601,10,9,12,1,1
897,1,2,0,3,1,2,0.6,154,8,10,0,994,1958,7,5,7,0,1
1600,0,0.5,0,1,1,16,0.3,94,4,16,1315,1710,2073,9,5,4,0,2
544,1,0.5,1,2,1,7,0.2,129,5,15,227,610,1675,13,4,17,0,0
1007,1,2.9,1,5,1,21,0.8,185,8,12,479,831,1301,8,6,12,0,0
1788,0,0.5,0,0,1,6,0.2,141,6,16,149,1022,2321,7,5,20,0,2
757,1,0.9,1,4,0,64,0.5,157,7,5,114,819,3433,6,5,10,0,2
1561,1,1.6,1,1,1,27,0.8,174,3,10,662,874,1205,12,7,3,0,1
1327,0,2.8,0,10,0,23,0.5,89,7,16,441,1721,872,7,5,4,1,0
797,1,1.5,1,4,0,18,0.6,81,8,20,888,1466,2052,9,3,14,1,1
727,1,2.5,1,0,1,64,0.2,193,1,9,664,711,3654,9,1,16,0,3
1589,0,0.6,0,0,0,5,0.8,112,5,2,776,1397,3430,7,5,19,1,3
1884,0,1,1,3,0,24,0.5,149,6,4,1168,1179,1396,15,8,9,1,1
1753,0,0.7,0,4,0,40,0.6,191,4,11,1652,1983,1112,8,2,15,1,1
640,0,1.3,1,5,1,6,0.6,143,8,20,976,1353,2711,15,7,8,0,2
1913,1,1.8,0,0,0,29,0.6,111,5,4,675,742,2023,17,13,8,0,2
538,0,1.1,1,0,1,25,0.3,163,7,7,455,537,2215,9,3,17,1,1
915,1,0.5,1,9,1,33,0.3,199,2,16,503,986,2156,7,3,13,0,1
1201,1,0.5,0,2,0,10,1,99,7,7,306,558,495,15,6,14,1,0
1379,0,1.1,1,1,1,18,0.2,129,2,16,838,885,2358,10,5,15,0,2
930,1,1,1,4,1,4,0.9,144,8,10,1017,1289,2016,13,10,16,1,1
1829,1,2.1,0,8,0,59,0.1,91,5,15,1457,1919,3142,16,6,5,1,3
618,1,1,0,9,1,13,0.1,80,4,15,591,724,1424,15,12,7,0,0
1882,0,2,0,11,1,44,0.8,113,8,19,4,743,3579,19,8,20,0,3
674,1,2.9,1,1,0,21,0.2,198,3,4,576,1809,1180,6,3,4,1,0
1467,1,0.5,0,0,0,18,0.6,122,5,0,888,1099,3962,15,11,5,1,3
858,0,2.2,0,1,0,50,0.1,84,1,2,528,1416,3978,17,16,3,0,3
794,1,0.5,1,0,1,2,0.8,106,6,14,1222,1890,668,13,4,19,0,0
1965,1,2.6,1,0,0,39,0.2,187,4,3,915,1965,2032,11,10,16,1,2
1911,0,0.9,1,1,1,36,0.7,108,8,3,868,1632,3057,9,1,5,0,3
1512,0,0.9,0,4,1,46,0.1,145,5,5,336,670,869,18,10,19,1,0
510,1,2,1,5,1,45,0.9,168,6,16,483,754,3919,19,4,2,1,3
